Nome do anúncio;Título;Texto principal;Botão;URL de destino
01-calendario-conteudos;Calendário de 30 dias por R$ 5;"Todo dia a mesma dúvida: ""o que eu posto hoje?"" |  | Monte o seu calendário de conteúdos em 5 passos, com planilha pronta e banco de ideias, e chegue ao fim do mês com tudo planejado. |  | Recria Calendário de Conteúdos: e-book por apenas R$ 5. | Toque em Saiba mais.";Saiba mais;https://www.agenciarecria.com.br/calendario-de-conteudos/?utm_source=instagram_ads&utm_medium=cpc&utm_campaign=ebooks&utm_content=01-calendario-conteudos
02-calendario-ia;Calendário com IA por R$ 8;E se a IA planejasse o seu mês de conteúdos? |  | Um passo a passo para instruir a IA, mesmo na versão gratuita, e receber o seu calendário do mês planejado. |  | Recria Calendário com IA: e-book por apenas R$ 8. | Toque em Saiba mais.;Saiba mais;https://www.agenciarecria.com.br/calendario-com-ia/?utm_source=instagram_ads&utm_medium=cpc&utm_campaign=ebooks&utm_content=02-calendario-ia
03-miv;Manual de identidade visual: R$ 15;O seu negócio tem manual de marca ou parece um Frankenstein, com tudo colorido sem que nada faça sentido? |  | Aprenda a desenvolver a sua identidade visual, com logo, tipografia, cores e posicionamento, e padronize as suas comunicações para deixar o negócio com aspecto mais profissional. |  | Recria MIV: e-book por apenas R$ 15.;Saiba mais;https://www.agenciarecria.com.br/miv/?utm_source=instagram_ads&utm_medium=cpc&utm_campaign=ebooks&utm_content=03-miv
04-post;Posts do mês em menos de 1 hora;Posts e carrosséis do mês, em menos de 1 hora? |  | Aprenda a criar as suas postagens com ferramentas gratuitas e IA, sem depender de designer. |  | Recria Post: e-book por apenas R$ 10. | Toque em Saiba mais.;Saiba mais;https://www.agenciarecria.com.br/post/?utm_source=instagram_ads&utm_medium=cpc&utm_campaign=ebooks&utm_content=04-post
05-reels;Reels do mês em menos de 1 hora;Roteiros, legendas e edição dos seus Reels, em menos de 1 hora. |  | Aprenda a criar e editar os seus vídeos com ferramentas gratuitas e IA. |  | Recria Reels: e-book por apenas R$ 12. | Toque em Saiba mais.;Saiba mais;https://www.agenciarecria.com.br/reels/?utm_source=instagram_ads&utm_medium=cpc&utm_campaign=ebooks&utm_content=05-reels
06-negocio-local;Negócio local no digital: R$ 10;Você tem um negócio local? Que tal diversificar o seu faturamento no digital? |  | No e-book Negócio Local no Digital, você vai aprender várias formas de vender no digital e não depender só da venda física para ter caixa no seu negócio. |  | Apenas R$ 10. Toque em Saiba mais.;Saiba mais;https://www.agenciarecria.com.br/negocio-local/?utm_source=instagram_ads&utm_medium=cpc&utm_campaign=ebooks&utm_content=06-negocio-local
07-esteira;Esteira de Produtos: R$ 12;Vender só um produto é deixar dinheiro na mesa. |  | Aprenda a criar a sua esteira de produtos, com produto de entrada, intermediário e premium, e diversifique as suas fontes de renda. |  | E-book Esteira de Produtos, por apenas R$ 12.;Saiba mais;https://www.agenciarecria.com.br/esteira-de-produtos/?utm_source=instagram_ads&utm_medium=cpc&utm_campaign=ebooks&utm_content=07-esteira
08-low-ticket;Mais de 100 ideias de low ticket;Ainda não tem um produto de entrada? |  | São mais de 100 ideias de produtos de baixo valor para pequenos, médios e grandes negócios, digitais e e-commerces, para você escolher o seu. |  | E-book por apenas R$ 15. Toque em Saiba mais.;Saiba mais;https://www.agenciarecria.com.br/100-ideias-low-ticket/?utm_source=instagram_ads&utm_medium=cpc&utm_campaign=ebooks&utm_content=08-low-ticket
09-medium-ticket;Produto medium ticket: R$ 17;Você já tem o seu produto de entrada? Está na hora do intermediário. |  | Aprenda a desenvolver o seu produto medium ticket e faça quem comprou um produto mais barato comprar de você um produto de maior valor agregado, aumentando o seu LTV. |  | E-book por apenas R$ 17.;Saiba mais;https://www.agenciarecria.com.br/medium-ticket/?utm_source=instagram_ads&utm_medium=cpc&utm_campaign=ebooks&utm_content=09-medium-ticket
10-high-ticket;Produto high ticket: R$ 27;Já vende produto de entrada e intermediário? Está na hora do premium. |  | Desenvolva o seu high ticket da melhor forma e analise qual é o momento certo de ativá-lo, sem queimar audiência e sem queimar dinheiro em tráfego pago. |  | E-book por apenas R$ 27.;Saiba mais;https://www.agenciarecria.com.br/high-ticket/?utm_source=instagram_ads&utm_medium=cpc&utm_campaign=ebooks&utm_content=10-high-ticket
11-estrutura-negocio;Manual de Estrutura de Negócio;O seu negócio depende só de você? |  | Organize a base do negócio para ele funcionar com mais clareza e sustentar o crescimento, seja você um negócio local, um profissional ou um negócio digital. |  | Manual por apenas R$ 37. Toque em Saiba mais.;Saiba mais;https://www.agenciarecria.com.br/estrutura-de-negocio/?utm_source=instagram_ads&utm_medium=cpc&utm_campaign=ebooks&utm_content=11-estrutura-negocio
12-express;Curso Express por R$ 15;A estratégia por trás dos meus produtos de baixo ticket, em um curso rápido e direto. |  | Aprenda a estratégia atraente que vende, por apenas R$ 15. |  | Toque em Saiba mais.;Saiba mais;https://www.agenciarecria.com.br/estrategia-express/?utm_source=instagram_ads&utm_medium=cpc&utm_campaign=cursos&utm_content=12-express
13-manual-narrativas;Manual de Narrativas: R$ 47;Vender sem lives, sem lançamentos e sem postar todo dia. |  | O Manual de Narrativas Atraentes Que Vendem mostra como contar boas histórias que vendem. |  | E-book por apenas R$ 47. Toque em Saiba mais.;Saiba mais;https://www.agenciarecria.com.br/manual/?utm_source=instagram_ads&utm_medium=cpc&utm_campaign=ebooks&utm_content=13-manual-narrativas
14-recria-ads;Recria Ads: anúncio sem cara de anúncio;Hoje, a grande maioria das pessoas pula anúncio, inclusive você. Mas todo mundo para pra ouvir uma boa história. |  | Aprenda a criar conteúdos e anúncios sem cara de anúncio, sem parecer aquele vendedor chato, mesmo com pouco orçamento, a partir de 10 minutos por dia. |  | Curso Recria Ads: R$ 97 ou parcele em 12x.;Saiba mais;https://www.agenciarecria.com.br/recria-ads/?utm_source=instagram_ads&utm_medium=cpc&utm_campaign=cursos&utm_content=14-recria-ads
15-comunidade;Comunidade Recria Business;Você é a soma das 5 pessoas mais próximas de você. Como isso impacta o seu negócio? |  | Se você tem um negócio, precisa estar imerso num ambiente com outros empreendedores para ter novos insights e continuar se recriando. |  | Participe da comunidade Recria Business: conteúdos de marketing, negócio, posicionamento, anúncios, comercial e IA, com lives e mentorias em grupo. Plano mensal ou anual.;Saiba mais;https://www.agenciarecria.com.br/comunidade-recria-business/?utm_source=instagram_ads&utm_medium=cpc&utm_campaign=cursos&utm_content=15-comunidade
16-diagnostico;Diagnóstico Recria por R$ 67;1 hora para descobrir o que trava o seu negócio. |  | Uma consultoria individual, online, para enxergar com clareza o seu próximo passo. |  | Diagnóstico Recria: R$ 67. Toque em Saiba mais.;Saiba mais;https://www.agenciarecria.com.br/diagnostico-recria/?utm_source=instagram_ads&utm_medium=cpc&utm_campaign=servicos&utm_content=16-diagnostico
17-pacote-inicial;Pacote inicial de marketing;Toda a estrutura mínima de marketing para vender mais, por um valor acessível. |  | Tráfego pago, social media, treinamento do time comercial e site (para quem fica no mínimo 3 meses), em um só pacote. |  | Pacote inicial: R$ 1.500 por mês.;Saiba mais;https://www.agenciarecria.com.br/pacote-mkt-inicial/?utm_source=instagram_ads&utm_medium=cpc&utm_campaign=servicos&utm_content=17-pacote-inicial
18-mentoria;Mentoria Recria;Você está com vários gargalos no negócio e nem sabe como resolver? |  | Seja crescimento, aumento de faturamento, operacional ou diversificação: na mentoria da Recria, eu pego na sua mão e te ajudo a arrumar cada gargalo de marketing, negócio e comercial. |  | Toque em Saiba mais.;Saiba mais;https://www.agenciarecria.com.br/mentoria-recria/?utm_source=instagram_ads&utm_medium=cpc&utm_campaign=servicos&utm_content=18-mentoria
19-empresa-100;Anúncios a partir de R$ 100;Você é uma EUpresa ou microempresa? Conheça o Recria EUpresa. |  | Fazemos o anúncio para o seu negócio a partir de R$ 100 de gestão por semana. Salão de beleza, manicure, prestador de serviço, negócio local ou pequeno: cuidamos do seu tráfego por um orçamento acessível, para você aumentar a sua base de clientes. |  | Sem contrato. Toque em Saiba mais.;Saiba mais;https://www.agenciarecria.com.br/recria-eupresa/?utm_source=instagram_ads&utm_medium=cpc&utm_campaign=eupresa&utm_content=19-empresa-100
20-empresa-beleza;Anuncie sem contrato;Salão, manicure, loja pequena: anuncie sem contrato. |  | Comece com 1 semana: você paga, a gente trabalha por 7 dias e entrega o relatório com os dados da campanha. |  | Gestão a partir de R$ 100, mais a verba de anúncio de R$ 50 a R$ 100 por semana, paga no Instagram.;Saiba mais;https://www.agenciarecria.com.br/recria-eupresa/?utm_source=instagram_ads&utm_medium=cpc&utm_campaign=eupresa&utm_content=20-empresa-beleza
21-empresa-mes;30 dias de anúncios por R$ 400;30 dias de anúncios cuidados por quem entende. |  | R$ 400 de gestão no mês, mais a verba de anúncio de R$ 50 a R$ 100 por semana, paga no Instagram. Sem contrato. |  | Toque em Saiba mais e veja o plano.;Saiba mais;https://www.agenciarecria.com.br/recria-eupresa/?utm_source=instagram_ads&utm_medium=cpc&utm_campaign=eupresa&utm_content=21-empresa-mes
22-servicos;Agência de tráfego pago;Cuidamos do marketing do seu negócio com uma estratégia baseada em neurociência e psicologia do consumidor. |  | Seja com tráfego pago, social media, consultoria, treinamentos, estruturação de negócio... Somos uma agência que estuda a fundo como funciona a mente humana e usa isso a favor do seu negócio para você vender mais. |  | Peça o seu orçamento.;Saiba mais;https://www.agenciarecria.com.br/?utm_source=instagram_ads&utm_medium=cpc&utm_campaign=servicos&utm_content=22-servicos
23-checklist-instagram;Checklist do Instagram, grátis;O seu Instagram está vendendo ou só ocupando espaço? |  | Em 20 minutos, descubra o que melhorar no seu perfil: foto, bio, destaques, feed e conteúdo. |  | Baixe grátis o Checklist de Revisão do Instagram.;Cadastre-se;https://www.agenciarecria.com.br/checklist-instagram/?utm_source=instagram_ads&utm_medium=cpc&utm_campaign=iscas&utm_content=23-checklist-instagram
24-aulao;Aula gratuita: marketing e vendas;Por que o seu marketing não funciona e o seu comercial não converte? |  | Uma aula gratuita, com mais de 10 anos de experiência em marketing e comercial, para você enxergar o que está travando as suas vendas. |  | Toque em Saiba mais.;Saiba mais;https://www.agenciarecria.com.br/aula-mkt-para-negocios/?utm_source=instagram_ads&utm_medium=cpc&utm_campaign=iscas&utm_content=24-aulao
25-grupo-recriadores;Comunidade gratuita Recriadores;Entre na comunidade gratuita Recriadores. |  | Conteúdos exclusivos sobre negócio, marketing e vendas, direto no seu WhatsApp, toda semana. |  | Toque em Saiba mais e entre.;Saiba mais;https://www.agenciarecria.com.br/recriadores-wapp/?utm_source=instagram_ads&utm_medium=cpc&utm_campaign=iscas&utm_content=25-grupo-recriadores
