Ordem de teste;Preço (R$);Nome do anúncio;Título;Texto principal;Botão;URL de destino
1;5;01_R5_calendario-conteudos;Calendário de 30 dias por R$ 5;"Todo dia a mesma dúvida: ""o que eu posto hoje?""

Monte o seu calendário de conteúdos em 5 passos, com planilha pronta e banco de ideias, e chegue ao fim do mês com tudo planejado.

Recria Calendário de Conteúdos: e-book por apenas R$ 5.
Toque em Saiba mais.";Saiba mais;https://www.agenciarecria.com.br/calendario-de-conteudos/?utm_source=instagram_ads&utm_medium=cpc&utm_campaign=ebooks&utm_content=01-calendario-conteudos
2;8;02_R8_calendario-ia;Calendário com IA por R$ 8;"E se a IA planejasse o seu mês de conteúdos?

Um passo a passo para instruir a IA, mesmo na versão gratuita, e receber o seu calendário do mês planejado.

Recria Calendário com IA: e-book por apenas R$ 8.
Toque em Saiba mais.";Saiba mais;https://www.agenciarecria.com.br/calendario-com-ia/?utm_source=instagram_ads&utm_medium=cpc&utm_campaign=ebooks&utm_content=02-calendario-ia
3;10;03_R10_post;Posts do mês em menos de 1 hora;"Posts e carrosséis do mês, em menos de 1 hora?

Aprenda a criar as suas postagens com ferramentas gratuitas e IA, sem depender de designer.

Recria Post: e-book por apenas R$ 10.
Toque em Saiba mais.";Saiba mais;https://www.agenciarecria.com.br/post/?utm_source=instagram_ads&utm_medium=cpc&utm_campaign=ebooks&utm_content=04-post
4;10;04_R10_negocio-local;Negócio local no digital: R$ 10;"Você tem um negócio local? Que tal diversificar o seu faturamento no digital?

No e-book Negócio Local no Digital, você vai aprender várias formas de vender no digital e não depender só da venda física para ter caixa no seu negócio.

Apenas R$ 10. Toque em Saiba mais.";Saiba mais;https://www.agenciarecria.com.br/negocio-local/?utm_source=instagram_ads&utm_medium=cpc&utm_campaign=ebooks&utm_content=06-negocio-local
5;12;05_R12_reels;Reels do mês em menos de 1 hora;"Roteiros, legendas e edição dos seus Reels, em menos de 1 hora.

Aprenda a criar e editar os seus vídeos com ferramentas gratuitas e IA.

Recria Reels: e-book por apenas R$ 12.
Toque em Saiba mais.";Saiba mais;https://www.agenciarecria.com.br/reels/?utm_source=instagram_ads&utm_medium=cpc&utm_campaign=ebooks&utm_content=05-reels
6;12;06_R12_esteira;Esteira de Produtos: R$ 12;"Vender só um produto é deixar dinheiro na mesa.

Aprenda a criar a sua esteira de produtos, com produto de entrada, intermediário e premium, e diversifique as suas fontes de renda.

E-book Esteira de Produtos, por apenas R$ 12.";Saiba mais;https://www.agenciarecria.com.br/esteira-de-produtos/?utm_source=instagram_ads&utm_medium=cpc&utm_campaign=ebooks&utm_content=07-esteira
7;15;07_R15_miv;Manual de identidade visual: R$ 15;"O seu negócio tem manual de marca ou parece um Frankenstein, com tudo colorido sem que nada faça sentido?

Aprenda a desenvolver a sua identidade visual, com logo, tipografia, cores e posicionamento, e padronize as suas comunicações para deixar o negócio com aspecto mais profissional.

Recria MIV: e-book por apenas R$ 15.";Saiba mais;https://www.agenciarecria.com.br/miv/?utm_source=instagram_ads&utm_medium=cpc&utm_campaign=ebooks&utm_content=03-miv
8;15;08_R15_low-ticket;Mais de 100 ideias de low ticket;"Ainda não tem um produto de entrada?

São mais de 100 ideias de produtos de baixo valor para pequenos, médios e grandes negócios, digitais e e-commerces, para você escolher o seu.

E-book por apenas R$ 15. Toque em Saiba mais.";Saiba mais;https://www.agenciarecria.com.br/100-ideias-low-ticket/?utm_source=instagram_ads&utm_medium=cpc&utm_campaign=ebooks&utm_content=08-low-ticket
9;17;09_R17_medium-ticket;Produto medium ticket: R$ 17;"Você já tem o seu produto de entrada? Está na hora do intermediário.

Aprenda a desenvolver o seu produto medium ticket e faça quem comprou um produto mais barato comprar de você um produto de maior valor agregado, aumentando o seu LTV.

E-book por apenas R$ 17.";Saiba mais;https://www.agenciarecria.com.br/medium-ticket/?utm_source=instagram_ads&utm_medium=cpc&utm_campaign=ebooks&utm_content=09-medium-ticket
10;27;10_R27_high-ticket;Produto high ticket: R$ 27;"Já vende produto de entrada e intermediário? Está na hora do premium.

Desenvolva o seu high ticket da melhor forma e analise qual é o momento certo de ativá-lo, sem queimar audiência e sem queimar dinheiro em tráfego pago.

E-book por apenas R$ 27.";Saiba mais;https://www.agenciarecria.com.br/high-ticket/?utm_source=instagram_ads&utm_medium=cpc&utm_campaign=ebooks&utm_content=10-high-ticket
11;37;11_R37_estrutura-negocio;Manual de Estrutura de Negócio;"O seu negócio depende só de você?

Organize a base do negócio para ele funcionar com mais clareza e sustentar o crescimento, seja você um negócio local, um profissional ou um negócio digital.

Manual por apenas R$ 37. Toque em Saiba mais.";Saiba mais;https://www.agenciarecria.com.br/estrutura-de-negocio/?utm_source=instagram_ads&utm_medium=cpc&utm_campaign=ebooks&utm_content=11-estrutura-negocio
12;47;12_R47_manual-narrativas;Manual de Narrativas: R$ 47;"Vender sem lives, sem lançamentos e sem postar todo dia.

O Manual de Narrativas Atraentes Que Vendem mostra como contar boas histórias que vendem.

E-book por apenas R$ 47. Toque em Saiba mais.";Saiba mais;https://www.agenciarecria.com.br/manual/?utm_source=instagram_ads&utm_medium=cpc&utm_campaign=ebooks&utm_content=13-manual-narrativas
